,sum_sq,df,F,PR(>F)
C(group),65.78970042817795,2.0,21.179115330403558,9.606048242307413e-10
Residual,1632.3858213934543,1051.0,,
