,sum_sq,df,F,PR(>F)
C(group),326195.2333333341,2.0,5.472398228655788,0.004942560375028094
Residual,5275251.716666667,177.0,,
