,sum_sq,df,F,PR(>F)
C(group),384427.8960641844,2.0,810.1513701857768,1.2859768232139197e-213
Residual,249356.93108240273,1051.0,,
