Statistic,Value
Chi-squared,26.376729019031295
P-value,1.8722596089757426e-06
Degrees of Freedom,2.0
